cluster_id,n_nodes,n_seed,sum_kzt_internal,top_gids,hypothesis
0,277,1,31856346.24,"100000000661912100,100000007629096100,100000007055802100,100000004299488100,100000004759121100,100000008477350100,100000006844768100,100000006866783100,100000000437046100,100000004486525100","Контур распределения: distributors=6, coordinators=0, nodes=277"
1,270,1,10178044.0,"100000002578405100,100000003942602100,100000002527114100,100000001697501100,100000008493007100,100000002733905100,100000004739664100,100000001166289100,100000006656003100,100000005342513100","Контур распределения: distributors=3, coordinators=0, nodes=270"
2,148,5,19555090.0,"100000008165763100,100000003684369100,100000003299365100,100000008748914100,100000000913911100,100000001102676100,100000003946524100,100000008304139100,100000005830339100,100000002479804100","Контур распределения: distributors=3, coordinators=1, nodes=148"
3,126,0,16339904.0,"100000008603629100,100000001857829100,100000007170072100,100000002531406100,100000008739887100,100000003880331100,100000006641671100,100000006977207100,100000008343874100,100000003215448100","Контур распределения: distributors=4, coordinators=0, nodes=126"
4,126,0,24907250.330000002,"100000000331309100,100000002628576100,100000008192264100,100000002433697100,100000001330685100,100000003171587100,100000005756189100,100000006734214100,100000008560717100,100000003741418100","Контур распределения: distributors=1, coordinators=0, nodes=126"
5,125,7,18300397.28,"100000006518161100,100000004707703100,100000000706545100,100000003016635100,100000008723830100,100000007544358100,100000001530983100,100000007511163100,100000000667713100,100000000607941100","Контур распределения: distributors=2, coordinators=0, nodes=125"
6,106,4,16242879.02,"100000004015047100,100000003509750100,100000002692750100,100000001616816100,100000000031787100,100000008748408100,100000001808684100,100000008349675100,100000001601320100,100000007747786100","Контур распределения: distributors=2, coordinators=3, nodes=106"
7,104,1,21747439.59,"100000006443391100,100000006385877100,100000002812641100,100000008561016100,100000008547948100,100000008489922100,100000008724461100,100000008710791100,100000005498992100,100000002718366100","Контур распределения: distributors=5, coordinators=0, nodes=104"
8,61,0,4350466.67,"100000008104567100,100000008379273100,100000005473151100,100000005578559100,100000004569484100,100000005704413100,100000008583360100,100000008545727100,100000008335401100,100000001927599100","Смешанный денежный контур: transit=2, terminal=22, nodes=61"
9,59,1,6772097.0,"100000003115284100,100000000343175100,100000000850297100,100000007129492100,100000000976943100,100000005475379100,100000007998965100,100000005873152100,100000002941114100,100000004677680100","Контур распределения: distributors=1, coordinators=0, nodes=59"
10,56,3,13397542.0,"100000005367445100,100000001732159100,100000002681449100,100000008637537100,100000008692291100,100000008223661100,100000008547844100,100000003016438100,100000008466579100,100000008314203100","Контур распределения: distributors=3, coordinators=2, nodes=56"
11,55,1,3064863.0,"100000003265158100,100000002193259100,100000008443341100,100000000922570100,100000004386258100,100000000933075100,100000008680731100,100000004386331100,100000004692798100,100000008474308100","Контур распределения: distributors=1, coordinators=0, nodes=55"
12,51,0,13990812.0,"100000003054328100,100000005242320100,100000002989353100,100000008512827100,100000001282143100,100000002670860100,100000002443664100,100000002748180100,100000001584286100,100000002956769100","Контур распределения: distributors=1, coordinators=0, nodes=51"
13,50,3,4135421.0,"100000005074393100,100000000489417100,100000008733194100,100000007648946100,100000006020215100,100000008088082100,100000008346837100,100000006424479100,100000008003034100,100000005454368100","Смешанный денежный контур: transit=6, terminal=16, nodes=50"
14,44,0,10215968.84,"100000005933757100,100000002605308100,100000002132479100,100000001937767100,100000004159526100,100000001073568100,100000004500444100,100000002963189100,100000001904863100,100000004905207100","Контур распределения: distributors=1, coordinators=0, nodes=44"
15,41,3,4888834.28,"100000005339662100,100000004820260100,100000004156082100,100000000076451100,100000002575080100,100000007131370100,100000008418835100,100000001987030100,100000004527381100,100000005481280100","Контур распределения: distributors=1, coordinators=1, nodes=41"
16,41,0,5151924.1899999995,"100000003242289100,100000002713074100,100000008512552100,100000008413748100,100000008221543100,100000003964910100,100000006967370100,100000008417359100,100000002570206100,100000003178549100","Контур распределения: distributors=1, coordinators=0, nodes=41"
17,30,0,8045494.0,"100000001887715100,100000005527892100,100000002748532100,100000008743913100,100000001303311100,100000008758168100,100000008710843100,100000001714173100,100000007229557100,100000000724540100","Ветка конечных получателей: terminal=16, nodes=30"
18,30,1,6513430.0,"100000008546855100,100000008582730100,100000005661829100,100000004451012100,100000007594394100,100000003854444100,100000006274203100,100000001049200100,100000005409680100,100000003873332100","Контур сбора: consolidators=1, nodes=30"
19,29,0,446070.0,"100000008460102100,100000001164648100,100000004891562100,100000002706810100,100000006412162100,100000008715513100,100000002670463100,100000001991973100,100000008759795100,100000006491963100","Смешанный денежный контур: transit=0, terminal=1, nodes=29"
20,26,14,2289450.0,"100000004403675100,100000005382566100,100000003988112100,100000004744306100,100000005523088100,100000004041163100,100000005386383100,100000008516839100,100000008738325100,100000005668605100","Контур сбора: consolidators=1, nodes=26"
21,20,0,617900.0,"100000002448088100,100000003154105100,100000000723383100,100000001427082100,100000002185328100,100000006308406100,100000006257675100,100000004777215100,100000002229615100,100000002478829100","Смешанный денежный контур: transit=1, terminal=0, nodes=20"
22,18,0,3422800.0,"100000003701161100,100000003718221100,100000002267998100,100000008137435100,100000001822623100,100000003824464100,100000008238989100,100000001063678100,100000004580202100,100000003104347100","Контур сбора: consolidators=1, nodes=18"
23,17,1,21586840.0,"100000004603109100,100000002224132100,100000001965374100,100000004892144100,100000000594783100,100000000552584100,100000003835149100,100000005820746100,100000004399686100,100000005664922100","Контур сбора: consolidators=1, nodes=17"
24,17,1,2977887.0,"100000002731501100,100000004005964100,100000004007116100,100000004160650100,100000001330595100,100000004144536100,100000003616818100,100000003603979100,100000002257794100,100000003031890100","Контур распределения: distributors=1, coordinators=1, nodes=17"
25,15,0,850450.0,"100000005505655100,100000002984403100,100000001526235100,100000002472632100,100000000926766100,100000001788284100,100000000860514100,100000002708624100,100000004445291100,100000008471634100","Смешанный денежный контур: transit=2, terminal=2, nodes=15"
26,15,0,3626010.0,"100000006704530100,100000000791285100,100000008461532100,100000003122817100,100000002691583100,100000003069463100,100000001819396100,100000000408846100,100000003470579100,100000008751349100","Смешанный денежный контур: transit=1, terminal=5, nodes=15"
27,15,0,3436955.0,"100000005171642100,100000004221668100,100000006664478100,100000002152857100,100000006240939100,100000002391278100,100000001985793100,100000003111305100,100000002459093100,100000001270349100","Смешанный денежный контур: transit=3, terminal=4, nodes=15"
28,14,0,1605604.0,"100000008213966100,100000000838385100,100000007382543100,100000004407753100,100000003001661100,100000008655779100,100000002860934100,100000006965162100,100000008708025100,100000000470237100","Контур сбора: consolidators=1, nodes=14"
29,13,1,1392916.0,"100000001380054100,100000006734554100,100000006232815100,100000000703894100,100000003164661100,100000005077484100,100000000607731100,100000004192865100,100000004463277100,100000001782980100","Ветка конечных получателей: terminal=6, nodes=13"
30,13,0,6748650.0,"100000008258083100,100000007442518100,100000000673868100,100000000821507100,100000002911170100,100000006567935100,100000001961048100,100000008376089100,100000002454724100,100000001785161100","Ветка конечных получателей: terminal=8, nodes=13"
31,11,0,3784703.0,"100000003004487100,100000002175422100,100000003557488100,100000002710570100,100000001317336100,100000002212494100,100000002975437100,100000005042822100,100000000733940100,100000003594472100","Смешанный денежный контур: transit=1, terminal=3, nodes=11"
32,10,0,322010.0,"100000007322059100,100000008172352100,100000000993112100,100000004552204100,100000001597505100,100000002628146100,100000002691858100,100000002558173100,100000002299948100,100000003646145100","Ветка конечных получателей: terminal=5, nodes=10"
33,10,0,603900.0,"100000003635170100,100000008501413100,100000004209339100,100000002156381100,100000002696152100,100000003321423100,100000005602999100,100000007737775100,100000002723439100,100000005910895100","Смешанный денежный контур: transit=2, terminal=2, nodes=10"
34,10,0,1727065.0,"100000005519998100,100000004076740100,100000004336312100,100000003934614100,100000004017410100,100000005767403100,100000003219438100,100000004467157100,100000005932987100,100000004856746100","Транзитный контур: transit=4, nodes=10"
35,9,0,1406982.0,"100000001445848100,100000002217161100,100000007647294100,100000000954884100,100000008254576100,100000003006633100,100000000783406100,100000002184107100,100000002242066100","Ветка конечных получателей: terminal=5, nodes=9"
36,8,0,2473417.91,"100000004906181100,100000008175078100,100000008675322100,100000000557536100,100000008349740100,100000004911971100,100000000673915100,100000000542087100","Смешанный денежный контур: transit=0, terminal=0, nodes=8"
37,8,0,389000.0,"100000005507142100,100000002612809100,100000001825934100,100000005264874100,100000002214207100,100000000600707100,100000004066370100,100000002130400100","Смешанный денежный контур: transit=0, terminal=0, nodes=8"
38,7,0,143000.0,"100000005911352100,100000000507799100,100000004508696100,100000003962994100,100000005127767100,100000002217806100,100000004549591100","Смешанный денежный контур: transit=0, terminal=2, nodes=7"
39,7,0,3077000.0,"100000002241986100,100000001053894100,100000002594214100,100000004047887100,100000001286703100,100000004070530100,100000000627521100","Смешанный денежный контур: transit=0, terminal=0, nodes=7"
40,7,0,1765600.0,"100000007392365100,100000007865484100,100000008551752100,100000003631015100,100000004976946100,100000005745873100,100000006351075100","Смешанный денежный контур: transit=0, terminal=0, nodes=7"
41,7,0,1268308.0,"100000008011159100,100000006169033100,100000005754335100,100000003888527100,100000006232642100,100000003664994100,100000006573438100","Ветка конечных получателей: terminal=3, nodes=7"
42,6,1,1615030.0,"100000008736940100,100000008659445100,100000008193577100,100000008751429100,100000005456919100,100000000307908100","Контур распределения: distributors=0, coordinators=1, nodes=6"
43,6,1,1527967.0,"100000000580561100,100000005183943100,100000007939160100,100000003888271100,100000007930878100,100000000955444100","Контур распределения: distributors=0, coordinators=1, nodes=6"
44,6,0,2540000.0,"100000004717647100,100000004479404100,100000002922000100,100000002659103100,100000001533161100,100000004584730100","Смешанный денежный контур: transit=0, terminal=0, nodes=6"
45,6,1,275885.0,"100000005485830100,100000005895525100,100000002462183100,100000005056870100,100000007175718100,100000005807278100","Контур распределения: distributors=0, coordinators=1, nodes=6"
46,6,0,2534500.0,"100000003747133100,100000004722765100,100000005075949100,100000002578653100,100000006527156100,100000004272302100","Смешанный денежный контур: transit=1, terminal=1, nodes=6"
47,6,0,720900.0,"100000008761219100,100000007472293100,100000006638021100,100000008333492100,100000002794374100,100000008770483100","Смешанный денежный контур: transit=0, terminal=0, nodes=6"
48,6,1,383300.0,"100000004094958100,100000005363908100,100000004331458100,100000005546031100,100000005547096100,100000008575624100","Транзитный контур: transit=2, nodes=6"
49,5,0,1189154.0,"100000000291906100,100000004670388100,100000000291908100,100000004722630100,100000004691350100","Смешанный денежный контур: transit=1, terminal=0, nodes=5"
50,5,0,172000.0,"100000004659919100,100000005031696100,100000001223977100,100000002700161100,100000008461217100","Смешанный денежный контур: transit=0, terminal=0, nodes=5"
51,5,0,338950.0,"100000004715209100,100000008190411100,100000003133045100,100000004747154100,100000001498732100","Смешанный денежный контур: transit=0, terminal=0, nodes=5"
52,5,1,2809200.0,"100000004135268100,100000002738256100,100000008571433100,100000004979498100,100000007507343100","Транзитный контур: transit=2, nodes=5"
53,5,2,108007.0,"100000006562026100,100000007347733100,100000006249740100,100000008129393100,100000006831291100","Ветка конечных получателей: terminal=3, nodes=5"
54,4,0,460000.0,"100000006069103100,100000000201868100,100000003192220100,100000006787636100","Транзитный контур: transit=2, nodes=4"
55,4,0,518000.0,"100000003163886100,100000002205022100,100000000629812100,100000001380107100","Ветка конечных получателей: terminal=3, nodes=4"
56,4,1,1404980.0,"100000001872484100,100000000785800100,100000008601794100,100000002459163100","Смешанный денежный контур: transit=1, terminal=1, nodes=4"
57,4,0,1595700.0,"100000001052945100,100000001131403100,100000004616845100,100000005146665100","Смешанный денежный контур: transit=0, terminal=0, nodes=4"
58,4,0,832800.0,"100000003159641100,100000008625905100,100000001065234100,100000002194320100","Контур сбора: consolidators=1, nodes=4"
59,4,1,79050.0,"100000006888238100,100000003148220100,100000004971871100,100000001852140100","Смешанный денежный контур: transit=0, terminal=1, nodes=4"
60,4,0,332709.0,"100000002513028100,100000004610802100,100000002516862100,100000004780083100","Смешанный денежный контур: transit=0, terminal=0, nodes=4"
61,3,1,450000.0,"100000002371751100,100000000769919100,100000007018630100","Ветка конечных получателей: terminal=1, nodes=3"
62,3,0,553830.0,"100000003321895100,100000003692843100,100000002371892100","Смешанный денежный контур: transit=0, terminal=0, nodes=3"
63,3,1,390167.62,"100000002781227100,100000002796853100,100000008522127100","Смешанный денежный контур: transit=1, terminal=0, nodes=3"
64,3,0,1557988.0,"100000008258458100,100000004035925100,100000008619159100","Смешанный денежный контур: transit=0, terminal=0, nodes=3"
65,3,1,450816.0,"100000005034574100,100000007283257100,100000004388983100","Ветка конечных получателей: terminal=2, nodes=3"
66,3,0,627870.0,"100000008628231100,100000004666651100,100000005664632100","Ветка конечных получателей: terminal=2, nodes=3"
67,2,0,761255.0,"100000000583220100,100000004586598100","Смешанный денежный контур: transit=0, terminal=0, nodes=2"
68,2,1,30000.0,"100000003980083100,100000003200071100","Ветка конечных получателей: terminal=1, nodes=2"
69,2,1,81465.0,"100000003865939100,100000005392290100","Ветка конечных получателей: terminal=1, nodes=2"
70,2,0,584900.0,"100000008430691100,100000007330432100","Смешанный денежный контур: transit=0, terminal=0, nodes=2"
71,2,0,857500.0,"100000008324800100,100000007390016100","Контур сбора: consolidators=1, nodes=2"
72,1,1,0.0,100000000456947100,"Изолированный узел: in_deg=0, out_deg=0"
73,1,1,0.0,100000003265658100,"Изолированный узел: in_deg=0, out_deg=0"
74,1,1,0.0,100000003349739100,"Изолированный узел: in_deg=0, out_deg=0"
75,1,1,0.0,100000003770083100,"Изолированный узел: in_deg=0, out_deg=0"
76,1,1,0.0,100000004021459100,"Изолированный узел: in_deg=0, out_deg=0"
77,1,1,0.0,100000004174835100,"Изолированный узел: in_deg=0, out_deg=0"
78,1,1,0.0,100000005017150100,"Изолированный узел: in_deg=0, out_deg=0"
79,1,1,0.0,100000005087431100,"Изолированный узел: in_deg=0, out_deg=0"
80,1,1,0.0,100000005235389100,"Изолированный узел: in_deg=0, out_deg=0"
81,1,1,0.0,100000005480435100,"Изолированный узел: in_deg=0, out_deg=0"
82,1,1,0.0,100000005495722100,"Изолированный узел: in_deg=0, out_deg=0"
83,1,1,0.0,100000005550592100,"Изолированный узел: in_deg=0, out_deg=0"
84,1,1,0.0,100000005560900100,"Изолированный узел: in_deg=0, out_deg=0"
85,1,1,0.0,100000005568407100,"Изолированный узел: in_deg=0, out_deg=0"
86,1,1,0.0,100000008117324100,"Изолированный узел: in_deg=0, out_deg=0"
87,1,1,0.0,100000008205000100,"Изолированный узел: in_deg=0, out_deg=0"
88,1,1,0.0,100000008513251100,"Изолированный узел: in_deg=0, out_deg=0"
89,1,1,0.0,100000008669037100,"Изолированный узел: in_deg=0, out_deg=0"
90,1,1,0.0,100000008701222100,"Изолированный узел: in_deg=0, out_deg=0"
